id,text,Joy,Anger,Sadness,Surprise,Fear
eng_dev_track_a_00001,"My mouth fell open `` No, no, no... I..",False,False,False,True,False
eng_dev_track_a_00002,You can barely make out your daughter's pale form in the darkness of your room.,False,False,False,True,False
eng_dev_track_a_00003,"But after blinking my eyes for a few times lepas tu tampar-tampar muka sikit, memang sah la yang penghantar itu Hanis Zalikha.",False,False,False,True,False
eng_dev_track_a_00004,Slowly rising to my feet I came to the conclusion that sometimes being alone meant surviving for myself.,False,False,False,True,False
eng_dev_track_a_00005,I noticed this months after moving in and doing all of my basic routines in my room naked.,False,False,False,True,False
eng_dev_track_a_00006,"I know not why, I wipe my face.",False,False,False,True,False
eng_dev_track_a_00007,It was rather insulting.,False,False,False,True,False
eng_dev_track_a_00008,"I was born without the compassion chromosome, or I could have been born with two hearts, neither one agreeing where my brain should spend it's time.",False,False,False,True,False
eng_dev_track_a_00009,; ) In the evening we did go down and put our feet in the water-I got to about my waist actually.,False,False,False,True,False
eng_dev_track_a_00010,I feel like I am in over my head... Like Quicksand.,False,False,False,True,False
eng_dev_track_a_00011,I would go over to his house where his Grandmother and mom and dad lived to play SSX Tricky and eat Pokemon fruit rollups.,False,False,False,True,False
eng_dev_track_a_00012,My stomach was hurting.,False,False,False,True,False
eng_dev_track_a_00013,... but Raul never called.,False,False,False,True,False
eng_dev_track_a_00014,I accidentally drop him.,False,False,False,True,False
eng_dev_track_a_00015,We're still together.,False,False,False,True,False
eng_dev_track_a_00016,Thankfully only a short ride to the hospital.,False,False,False,True,False
eng_dev_track_a_00017,"Victim-less, non-violent crimes shouldn't be handled so harshly.",False,False,False,True,False
eng_dev_track_a_00018,"I leaned forward in my seat, pearing though the small portion of the windshield that was clear enough to look out and see a wall of white reflecting my lights back in my face.",False,False,False,True,False
eng_dev_track_a_00019,My sister was walking backwards and bumped her back into the wall so the second shelf or whatever that was placed on top of the knobs in the middle fell on my feet.,False,False,False,True,False
eng_dev_track_a_00020,"Aargh, the look of frenzy must have been written all over my face as I tried to corall the older kids and placate my little one with a granola bar because it was dinner time ye know.",False,False,False,True,False
eng_dev_track_a_00021,"When mom inquires what ""the truth"" is, Lisa just says that ""you will know eventually"", and she says that once she learned of ""the truth"", then ""everything became wonderful"".",False,False,False,True,False
eng_dev_track_a_00022,"The feeling has started to come back to my eye, but I still cant raise my lip and actually inspect the damage.",False,False,False,True,False
eng_dev_track_a_00023,Older sister (23 at the time) is a Scumbag Stacy.,False,False,False,True,False
eng_dev_track_a_00024,"Then she tried to, like, have sex with/strangle everyone.",False,False,False,True,False
eng_dev_track_a_00025,"Longest, most awkward drive I've ever taken.",False,False,False,True,False
eng_dev_track_a_00026,"End of story, right?",False,False,False,True,False
eng_dev_track_a_00027,There was also the sensation of something at my back at this point like a crustacean that I had to ask to leave.,False,False,False,True,False
eng_dev_track_a_00028,"""  I'm like ""sure.",False,False,False,True,False
eng_dev_track_a_00029,Block Island holds a very special place in my heart.,False,False,False,True,False
eng_dev_track_a_00030,"Ok, so my pet alligator's tank is directly across from my pillow... the second I opened my eyes this morning at 6 am, the absolute first thing I see is my alligator in the CORNER of his tank staring directly at me.",False,False,False,True,False
eng_dev_track_a_00031,"Anyway, I finished up and went back inside and decided to brush my teeth and straighten my shirttail, which had gotten twisted while sitting on the floor of the hall reading for two hours.",False,False,False,True,False
eng_dev_track_a_00032,& # x 26; nbsp; What I did was cut the top off of a plastic gallon milk carton leaving the handle then by standing next to body of water or sometimes partially in it I could get a good dowseing dipping the carton into the water and then dumping it over my head.,False,False,False,True,False
eng_dev_track_a_00033,Welcome to the month from passive aggressive hell.,False,False,False,True,False
eng_dev_track_a_00034,I'm gonna absolutely ~~suck~~ be terrible during my first sexual experience ._.,False,False,False,True,False
eng_dev_track_a_00035,"The doors were getting ready to close, and she wasn't in yet, so I wedged my foot in the bottom of the door to hold it open for her.",False,False,False,True,False
eng_dev_track_a_00036,Clint and I went up and down with that weight for at least three or four reps after I thought my legs were shot.,False,False,False,True,False
eng_dev_track_a_00037,"I have a floor shift in the morning, hopefully without my nose being stuffy.",False,False,False,True,False
eng_dev_track_a_00038,"I can't breathe right, my head has been stuffed up for THREE MONTHS, I have whacked out dreams, can't sleep, I'm just... I'm... I feel like I'm breaking.",False,False,False,True,False
eng_dev_track_a_00039,"Just getting out of the house put a smile on my face, that and the fact that she had some wicked old music on her iPod.",False,False,False,True,False
eng_dev_track_a_00040,My heart.,False,False,False,True,False
eng_dev_track_a_00041,The entire summer is going to pass by with a blink of my eye because I've got so much going on!,False,False,False,True,False
eng_dev_track_a_00042,<< < using my brain?,False,False,False,True,False
eng_dev_track_a_00043,It is stuck there in the back of my head with some other nasty stuff.,False,False,False,True,False
eng_dev_track_a_00044,I put my hand on its tail to pet it.,False,False,False,True,False
eng_dev_track_a_00045,I was beyond furious.,False,False,False,True,False
eng_dev_track_a_00046,"Oh, and I noticed an odd effect from eating ripe honeydew melon; this raspy, raw feeling in my chest, like a cold was coming on.",False,False,False,True,False
eng_dev_track_a_00047,Your sister is a heavy sleeper.,False,False,False,True,False
eng_dev_track_a_00048,I didn't see it through but what I did see when I lifted my head was my wife coming up the street.,False,False,False,True,False
eng_dev_track_a_00049,Always hiding my eyes welling up by yawning so it seemed like they were just tearing from that.,False,False,False,True,False
eng_dev_track_a_00050,In between my toes.,False,False,False,True,False
eng_dev_track_a_00051,"Tears welled up in my eyes, but none fell out.",False,False,False,True,False
eng_dev_track_a_00052,"Swarms of people wandering around confused and unaware of where they're going, cutting people short as they wander into Burger King and other such stores on the other side of the corridor-completely unaware of the fact that they literally almost made me drop everything I'm carrying and fall flat on my face.",False,False,False,True,False
eng_dev_track_a_00053,"I'm a highly skeptical, scientific person.",False,False,False,True,False
eng_dev_track_a_00054,After standing in a few times in the past his buddy asks again but warns him that it is the full moon and it won't be like the last times.,False,False,False,True,False
eng_dev_track_a_00055,"I said the first thing that came into my head, ` Ciao.",False,False,False,True,False
eng_dev_track_a_00056,What is it about this winter that is making me literally sick to my stomach?,False,False,False,True,False
eng_dev_track_a_00057,The song `` Poor Places '' is ironically seeping out of my speakers and into my ears: It's hot in the poor places tonight / I'm not going outside,False,False,False,True,False
eng_dev_track_a_00058,"We had obviously done this before, but this time something was different.",False,False,False,True,False
eng_dev_track_a_00059,"Not hardcore accidental racism, but it fits.",False,False,False,True,False
eng_dev_track_a_00060,"I cried my eyes out, longing for the days just a mere 10 1/2 months or so ago when I called this `` home '' and knew that I had a safe haven to rest my head.",False,False,False,True,False
eng_dev_track_a_00061,My friend and I were walking home from school as per usual as we lived close to each other and this was the normal routine.,False,False,False,True,False
eng_dev_track_a_00062,A fraying rope stretches down from the rafters.,False,False,False,True,False
eng_dev_track_a_00063,I had to chord with my thumb.,False,False,False,True,False
eng_dev_track_a_00064,After that first big experience I started doing some research because I was so confused.,False,False,False,True,False
eng_dev_track_a_00065,My heart was beating fast from excitement.,False,False,False,True,False
eng_dev_track_a_00066,My nose is currently upset.,False,False,False,True,False
eng_dev_track_a_00067,The way I was positioned with the air moving made it hard to not breath through my mouth.,False,False,False,True,False
eng_dev_track_a_00068,"&gt;Me: ""Wait, really?",False,False,False,True,False
eng_dev_track_a_00069,"It has sat with me, back in the pit of my stomach since Sunday night.",False,False,False,True,False
eng_dev_track_a_00070,"I went at it twice, until the muscles around my mouth hurt and my innards almost came out together.",False,False,False,True,False
eng_dev_track_a_00071,I tried to be an easy going bride.,False,False,False,True,False
eng_dev_track_a_00072,"( you see, i have these afi patches that i bought in 2004 and i had no where to put them ) yesterday i bought this neato bag and i said to my brain '' i can put my patches on this here bag. ''",False,False,False,True,False
eng_dev_track_a_00073,This is so odd.,False,False,False,True,False
eng_dev_track_a_00074,"It takes them 6 guys, all firefighters mind, and one old schoolteacher, to lift this oak dresser off Meridian.",False,False,False,True,False
eng_dev_track_a_00075,"About ten years ago, he passed away from a severe brain tumor.",False,False,False,True,False
eng_dev_track_a_00076,The best part however was when she jumped into the pictures and pushed the dog into my hands.,False,False,False,True,False
eng_dev_track_a_00077,can't wait to be in another wedding!,False,False,False,True,False
eng_dev_track_a_00078,THE BLACK EYED KIDS,False,False,False,True,False
eng_dev_track_a_00079,Just look at them once and that's it whispered my wife in my ears.,False,False,False,True,False
eng_dev_track_a_00080,and my brain can think up some pretty horrible ailments.,False,False,False,True,False
eng_dev_track_a_00081,"My legs felt sluggish, my calves were burning, my right foot was pinched, and I couldn't settle into my typical breathing pattern.",False,False,False,True,False
eng_dev_track_a_00082,"I can't move, my hand is stuck, I'm making weird noises and my mom is screaming.",False,False,False,True,False
eng_dev_track_a_00083,") I started to teach myself Japanese, and just couldn't shake the feeling that I was supposed to live there.",False,False,False,True,False
eng_dev_track_a_00084,This was fairly recently...,False,False,False,True,False
eng_dev_track_a_00085,Her nose was broken.,False,False,False,True,False
eng_dev_track_a_00086,"Wow, that is really interesting.",False,False,False,True,False
eng_dev_track_a_00087,""" And burst into tears.",False,False,False,True,False
eng_dev_track_a_00088,Never been so close to a group ass-wooping in my life.,False,False,False,True,False
eng_dev_track_a_00089,My heart sank.,False,False,False,True,False
eng_dev_track_a_00090,Actually what's going on in my head is a lot of congestion.,False,False,False,True,False
eng_dev_track_a_00091,He also worse black gloves and a black ski mask.,False,False,False,True,False
eng_dev_track_a_00092,The police were called.,False,False,False,True,False
eng_dev_track_a_00093,It overflowed and brown shitty diarrhea water came flooding under the stall wall into my wife's stall.,False,False,False,True,False
eng_dev_track_a_00094,Just rip my heart out and stomp that sucker flat.,False,False,False,True,False
eng_dev_track_a_00095,"Was not happy with the waking up, but was awake because my hands were on fire.",False,False,False,True,False
eng_dev_track_a_00096,"One screamed out that it was screwed up, to which another replied ""TO THE MAX!",False,False,False,True,False
eng_dev_track_a_00097,I was brought by to reality when noona hit my arm lightly.,False,False,False,True,False
eng_dev_track_a_00098,I remember the sweat burning in my eyes and trying to control my breathing.,False,False,False,True,False
eng_dev_track_a_00099,I untie my bear bag and grab some food inside it.,False,False,False,True,False
eng_dev_track_a_00100,I got close enough to feel some of the spray from the falls landing on my lips and glasses.,False,False,False,True,False
eng_dev_track_a_00101,"I walk right over to the tv, stand face to face with it, and begin to point at the little number areas.",False,False,False,True,False
eng_dev_track_a_00102,I wake up very easily to sounds so I'm not overly concerned.,False,False,False,True,False
eng_dev_track_a_00103,"And I laughed like this: garhahagar, because my mouth was full of cotton and shit to bite down on and sharp objects and drills.",False,False,False,True,False
eng_dev_track_a_00104,Its very dark and foggy.,False,False,False,True,False
eng_dev_track_a_00105,It was late and they were asleep.,False,False,False,True,False
eng_dev_track_a_00106,A deep thud sound in the room and a grin spread across my face.,False,False,False,True,False
eng_dev_track_a_00107,My dad is a minister and part of his duties is visiting the sick and dying.,False,False,False,True,False
eng_dev_track_a_00108,We moved to a Labor and Delivery Room and I labored mostly on my hands and knees.,False,False,False,True,False
eng_dev_track_a_00109,It's so stressful but I'd never wanna be with anyone else and I'd marry her this minute if the financial made sense.,False,False,False,True,False
eng_dev_track_a_00110,"""I don't have time to arrest drunk drivers because of all the murders, rapes, and robberies we have to deal with.",False,False,False,True,False
eng_dev_track_a_00111,I looked at my wrist.,False,False,False,True,False
eng_dev_track_a_00112,"""ARcH stop your progression.",False,False,False,True,False
eng_dev_track_a_00113,"This 'star', starts to move across the sky.",False,False,False,True,False
eng_dev_track_a_00114,and my feet hurt.,False,False,False,True,False
eng_dev_track_a_00115,so i cried my eyes out and did the drawing.,False,False,False,True,False
eng_dev_track_a_00116,They were coal black.,False,False,False,True,False
